,tag
0,دهه 1980 میلادی
1,ادبیات چک
2,سیاسی
3,تاریخی
4,جایزه ی فرانتس کافکا
5,مجموعه مکاتبات (نامه ها)
6,فهرست برترین مجموعه نامه ها
7,ادبیات داستانی
8,ادبیات کودک و نوجوان
9,ادبیات آلمان
10,کتاب کودک
11,کتاب مصور
12,ادبیات معاصر
13,ادبیات ایران
14,طنز
15,ادبیات واقع گرایانه
16,روانشناسی
17,علمی
18,مدیریت
19,آموزشی
20,ادبیات انگلیس
21,دهه 2010 میلادی
22,فلسفی
23,تجارت و کسب و کار
24,رهبری
25,اقتصادی
26,بازار سرمایه - بورس
27,رمان
28,داستان تاریخی
29,دهه 1990 میلادی
30,کتاب نوجوان
31,تاریخ جنگ جهانی
32,داستان کوتاه
33,تاریخ ایران
34,دهه 2000 میلادی
35,زنان و فمنیسم
36,مجموعه داستان
37,دینی و مذهبی
38,ادبیات آیینی
39,تعلیم و تربیت
40,تاریخ انگلستان
41,ادبیات کانادا
42,صوتی و تصویری
43,سریال
44,زندگی نامه
45,بزرگان اندیشه
46,فیزیک
47,موسیقی
48,کتاب صوتی
49,خودپروری و روانشناسی (صوتی)
50,جایزه نوبل ادبیات
51,جایزه پولیتزر داستان
52,ادبیات آمریکا
53,ادبیات کلاسیک
54,دهه 1960 میلادی
55,داستان فانتزی
56,ادبیات نوجوان
57,داستان وحشت
58,داستان ماوراء الطبیعه
59,داستان علمی تخیلی
60,زبان اصلی
61,سلامت
62,دهه 2020 میلادی
63,تغذیه ورزشی
64,سرگرمی
65,علوم انسانی
66,داستان عاشقانه
67,پرفروش ترین کتاب های نیویورک تایمز
68,آموزش زبان خارجی
69,آموزش زبان ترکی
70,مهارت شنیداری
71,مهارت گفتاری
72,مهارت خواندن
73,مهارت نوشتاری
74,مقدماتی
75,فرهنگ لغت
76,ادبیات کهن
77,داستان کمدی (طنز)
78,شعر ایرانی
79,شعر طنز
80,دهه 1870 میلادی
81,باستان شناسی
82,هنری
83,ادبیات اتریش
84,ارتباطات
85,رسانه
86,داستان دینی
87,دهه 1940 میلادی
88,ادبیات رومانی
89,ورزشی
90,فوتبال
91,ادبیات جهان
92,جملات قصار
93,پرافتخارترین کتاب ها
94,ادبیات نمایشی
95,جایزه ی پولیتزر نمایشنامه
96,نمایشنامه تاریخی
97,جایزه ی نمایشنامه ی حلقه ی منتقدین نیویورک
98,جایزه Tony
99,سینما و تئاتر
100,ادبیات نروژ
101,آشنایی با فیلسوفان
102,ادبیات ایتالیا
103,شعر
104,ادبیات اسپانیا
105,علوم اقتصادی
106,ادبیات فرانسه
107,نجوم
108,جایزه ی گرند کنیون
109,علوم کامپیوتر
110,شعر کودک
111,رنگ آمیزی
112,داستان مصور
113,ادبیات روسیه
114,احکام
115,ادبیات تاجیکستان
116,آموزش نقاشی
117,ادبیات لهستان
118,خودپروری
119,ازدواج و زناشویی
120,شعر معاصر
121,فیلمنامه
122,جشنواره فروش (30 درصد تخفیف)
123,نقد هنری
124,جدید ترین کتاب ها
125,خلاقیت
126,روانشناسی کودک
127,داستان حیوانات
128,شعر نو
129,شعر عربی
130,ادبیات عرب
131,ادبیات اروپا
132,پزشکی
133,مجموعه آثار هنری
134,زندگی نامه ی هنرمندان
135,مجموعه مقالات
136,نقد ادبی
137,زبان شناسی
138,پرفروش ترین های چاپ 1402
139,پرفروش ترین های چاپ 1401
140,گردآوری و تلفیق
141,ادبیات هند
142,بازاریابی
143,تجربه و هنر زندگی
144,دهه 1950 میلادی
145,عرفان
